{
    "type": "S",
    "has_both": true,
    "pretitle": {
        "v": "random"
    },
    "title": {
        "t": "We’re Not So Different, You and I",
        "v": "title",
        "s": "“We’re Not So Different, You and I”"
    },
    "sort_segue": {
        "v": "sort_segue",
        "s": "And it's a Sorta Kinda!"
    },
    "sort_category": {
        "v": "sort_category_ingredients",
        "s": "I'm going to list seven ingredients."
    },
    "sort_explain": {
        "v": "sort_explain",
        "s": "For each of them, I’m gonna need you to tell if it's:"
    },
    "sort_a": {
        "t": "in a Big Mac®",
        "v": "sort_a",
        "s": "in a Big Mac,"
    },
    "sort_b": {    
        "t": "in a Whopper®",
        "v": "sort_b",
        "s": "in a Whopper,"
    },
    "sort_both": {
        "v": "sort_both",
        "s": "Or both! If it’s..."
    },
    "sort_a_short": {
        "t": "Big Mac®",
        "v": "sort_a_short",
        "s": "Big Mac,"
    },
    "sort_press_left": {
        "v": "sort_press_left",
        "s": "Press [i]Left[/i]. And if it's..."
    },
    "sort_b_short": {
        "t": "Whopper®",
        "v": "sort_b_short",
        "s": "Whopper,"
    },
    "sort_press_right": {
        "v": "sort_press_right",
        "s": "Press [i]Right[/i]."
    },
    "sort_press_up": {
        "v": "sort_press_up",
        "s": "And as usual, press [i]Up[/i] if it’s both."
    },
    "sort_options": {
        "t": [
            "quarter-pound beef patty",
            "a second beef patty",
            "tomato",
            "ketchup",
            "cheese",
            "mayo-based sauce",
            "a third bun"
        ],
        "s": [
            "Quarter-pound beef patty!",
            "A second beef patty!",
            "Tomato!",
            "Ketchup!",
            "Cheese!",
            "Mayo-based sauce!",
            "A third bun!"
        ],
        "a": [2, 0, 1, 1, 0, 2, 0]
    },
    "sort_perfect": {
        "v": "sort_perfect",
        "s": "You had this question your way!"
    },
    "sort_good": {
        "v": "sort_good",
        "s": "I’m [i]likin’[/i] your performance, but I’m not particularly [i]lovin’[/i] it."
    },
    "sort_ok": {
        "v": "sort_ok",
        "s": "Your performance was like a soggy, greasy burger."
    },
    "sort_bad": {
        "v": "sort_bad",
        "s": "Your answers need a health inspection."
    },
    "outro": {
        "v": "outro",
        "s": "The Big Mac costs less, but hey, you get what you pay for. That’s why I eat out at places that are more high-brow, like Denny’s."
    },
    "skip": {
        "v": "random"
    }
}